"업종별(1)",업종별(2),업종별(3),업종별(4),2014,2014,2014,2014,2014,2014,2014,2014,2014,2014,2014,2015,2015,2015,2015,2015,2015,2015,2015,2015,2015,2015,2016,2016,2016,2016,2016,2016,2016,2016,2016,2016,2016,2017,2017,2017,2017,2017,2017,2017,2017,2017,2017,2017,2018,2018,2018,2018,2018,2018,2018,2018,2018,2018,2018,2019,2019,2019,2019,2019,2019,2019,2019,2019,2019,2019,2020,2020,2020,2020,2020,2020,2020,2020,2020,2020,2020,2021,2021,2021,2021,2021,2021,2021,2021,2021,2021,2021,2022,2022,2022,2022,2022,2022,2022,2022,2022,2022,2022
"업종별(1)",업종별(2),업종별(3),업종별(4),합계,생산능력 확충,생산능력 확충,생산능력 확충,생산능력 확충,생산능력 확충,유지보수,자동화,에너지 및 환경관련투자,연구개발투자(R&D),기타,합계,생산능력 확충,생산능력 확충,생산능력 확충,생산능력 확충,생산능력 확충,유지보수,자동화,에너지 및 환경관련투자,연구개발투자(R&D),기타,합계,생산능력 확충,생산능력 확충,생산능력 확충,생산능력 확충,생산능력 확충,유지보수,자동화,에너지 및 환경관련투자,연구개발투자(R&D),기타,합계,생산능력 확충,생산능력 확충,생산능력 확충,생산능력 확충,생산능력 확충,유지보수,자동화,에너지 및 환경관련투자,연구개발투자(R&D),기타,합계,생산능력 확충,생산능력 확충,생산능력 확충,생산능력 확충,생산능력 확충,유지보수,자동화,에너지 및 환경관련투자,연구개발투자(R&D),기타,합계,생산능력 확충,생산능력 확충,생산능력 확충,생산능력 확충,생산능력 확충,유지보수,자동화,에너지 및 환경관련투자,연구개발투자(R&D),기타,합계,생산능력 확충,생산능력 확충,생산능력 확충,생산능력 확충,생산능력 확충,유지보수,자동화,에너지 및 환경관련투자,연구개발투자(R&D),기타,합계,생산능력 확충,생산능력 확충,생산능력 확충,생산능력 확충,생산능력 확충,유지보수,자동화,에너지 및 환경관련투자,연구개발투자(R&D),기타,합계,생산능력 확충,생산능력 확충,생산능력 확충,생산능력 확충,생산능력 확충,유지보수,자동화,에너지 및 환경관련투자,연구개발투자(R&D),기타
"업종별(1)",업종별(2),업종별(3),업종별(4),소계,소계,유형별,유형별,수요별,수요별,소계,소계,소계,소계,소계,소계,소계,유형별,유형별,수요별,수요별,소계,소계,소계,소계,소계,소계,소계,유형별,유형별,수요별,수요별,소계,소계,소계,소계,소계,소계,소계,유형별,유형별,수요별,수요별,소계,소계,소계,소계,소계,소계,소계,유형별,유형별,수요별,수요별,소계,소계,소계,소계,소계,소계,소계,유형별,유형별,수요별,수요별,소계,소계,소계,소계,소계,소계,소계,유형별,유형별,수요별,수요별,소계,소계,소계,소계,소계,소계,소계,유형별,유형별,수요별,수요별,소계,소계,소계,소계,소계,소계,소계,유형별,유형별,수요별,수요별,소계,소계,소계,소계,소계
"업종별(1)",업종별(2),업종별(3),업종별(4),소계,소계,신제품 생산,설비의 확장,국내수요대비,수출수요대비,소계,소계,소계,소계,소계,소계,소계,신제품 생산,설비의 확장,국내수요대비,수출수요대비,소계,소계,소계,소계,소계,소계,소계,신제품 생산,설비의 확장,국내수요대비,수출수요대비,소계,소계,소계,소계,소계,소계,소계,신제품 생산,설비의 확장,국내수요대비,수출수요대비,소계,소계,소계,소계,소계,소계,소계,신제품 생산,설비의 확장,국내수요대비,수출수요대비,소계,소계,소계,소계,소계,소계,소계,신제품 생산,설비의 확장,국내수요대비,수출수요대비,소계,소계,소계,소계,소계,소계,소계,신제품 생산,설비의 확장,국내수요대비,수출수요대비,소계,소계,소계,소계,소계,소계,소계,신제품 생산,설비의 확장,국내수요대비,수출수요대비,소계,소계,소계,소계,소계,소계,소계,신제품 생산,설비의 확장,국내수요대비,수출수요대비,소계,소계,소계,소계,소계
"전체",소계,소계,소계,1789565,1299109,458799,840310,918442,380666,247433,19549,8592,60504,154379,1807942,1288741,389701,899040,879925,408816,242613,21429,17942,63213,174004,1809099,1358015,437545,920470,905433,452582,213460,19995,11353,71236,135039,1897906,1383434,416697,966737,1010335,373099,274810,22477,18804,80647,117733,1677391,1222726,471638,751088,762372,460354,235649,23272,21764,72821,101160,1661730,1212325,470128,742197,785169,427156,225801,22343,19185,72887,109190,1663804,1205660,525157,680503,735311,470349,234294,16020,14559,74105,119165,1803561,1321248,577560,743689,777733,543516,247680,18147,16864,82933,116688,1869322,1390471,596763,793708,810187,580284,254726,18445,16781,81662,107237
"제조업",소계,소계,소계,848611,573894,169886,404008,236548,337347,133414,12654,7484,48870,72295,856855,578091,190145,387946,232161,345930,118632,11345,9756,54221,84810,878185,624195,214479,409716,221273,402922,103892,13866,7505,60375,68354,1059954,752848,240534,512315,421029,331820,149865,14060,9635,65481,68065,941630,680890,305893,374997,256730,424160,123587,15533,9687,55077,56857,894396,648552,273376,375177,253028,395525,107247,15182,9760,51749,61905,900647,648428,279864,368563,226602,421826,119401,13395,9463,54936,55026,1001566,730203,324339,405865,237334,492869,127201,15109,11776,62954,54323,1063662,780159,330766,449393,255870,524289,135477,15052,11211,64589,57174
"제조업",식료품,소계,소계,19710,11596,1418,10178,9510,2086,3819,838,351,598,2507,19730,11388,1992,9396,10871,517,3979,900,398,177,2888,24662,12340,2335,10005,11508,833,4580,2290,479,1970,3002,28703,16747,3799,12948,15688,1059,6053,1985,1162,659,2096,26994,12566,1629,10936,11809,757,6809,2319,1201,427,3672,32983,19617,2899,16718,18931,687,5790,1786,324,1032,4433,30813,13318,2698,10620,12475,843,8737,1955,516,1248,5039,34227,16260,2845,13415,14971,1289,10680,1900,635,1477,3275,33826,15841,2793,13048,14725,1115,11128,1954,697,1519,2687
"제조업",음료,소계,소계,3387,1173,246,927,1067,107,1292,20,247,51,604,5789,2835,1373,1462,2430,405,860,130,217,17,1730,5234,1861,865,996,1860,0,697,76,188,5,2408,4348,1534,132,1402,1458,75,837,5,142,123,1708,5220,1268,519,750,1268,0,936,53,27,13,2922,3594,968,425,543,968,0,393,50,26,26,2132,3425,1785,623,1162,1713,73,473,60,22,28,1058,3385,1638,476,1162,1572,66,571,93,10,28,1044,3409,1593,490,1103,1525,68,592,93,10,29,1092
"제조업",담배,소계,소계,2221,1030,1030,0,1030,0,338,0,0,0,853,2558,1024,1020,4,1024,0,364,0,0,0,1171,2343,256,7,249,234,22,471,0,1,4,1612,5400,189,45,144,175,14,96,0,0,13,5101,1907,66,16,51,61,5,42,0,1,5,1793,1833,64,15,49,59,5,37,0,0,4,1727,972,19,4,15,19,0,9,0,0,0,944,699,10,2,8,10,0,13,0,0,0,676,719,10,2,8,10,0,13,0,0,0,696
"제조업",섬유제품,소계,소계,3643,2124,117,2007,1110,1014,524,128,48,172,647,4236,1459,465,994,793,666,1979,59,23,446,269,2373,1363,156,1207,1188,174,487,92,8,43,380,1918,705,49,656,240,465,775,15,41,15,367,1713,631,7,624,459,172,765,0,0,11,306,1578,536,122,414,450,86,773,18,6,3,243,1911,467,48,419,337,130,489,32,0,4,918,1724,373,32,341,256,118,403,21,0,4,923,2789,402,39,363,272,131,538,22,0,4,1823
"제조업",의복 및 모피,소계,소계,4073,2235,21,2214,2228,6,1186,0,0,282,370,4856,2309,12,2297,2295,14,540,0,0,96,1910,3396,1087,7,1080,1088,0,538,2,0,17,1751,2097,886,5,881,885,1,486,7,0,22,696,2573,765,0,765,761,4,433,55,5,71,1244,964,340,0,340,340,0,197,0,0,0,427,1338,356,58,298,354,2,244,0,0,1,738,1565,689,2,687,687,2,227,0,0,1,648,1549,750,3,748,748,2,353,0,0,1,445
"제조업",가죽 및 신발,소계,소계,611,511,132,379,246,265,19,0,0,28,53,845,583,210,373,203,379,124,0,0,82,56,1086,312,25,287,227,84,83,0,0,334,357,633,194,4,190,133,60,102,2,0,66,269,675,84,52,32,8,76,127,14,0,9,441,644,40,9,31,9,31,110,0,0,9,485,575,0,0,0,0,0,189,0,0,0,386,621,2,2,0,2,0,257,0,0,0,362,571,2,2,0,2,0,239,0,0,0,330
"제조업",나무제품,소계,소계,2185,1469,194,1275,1469,0,397,0,220,10,89,1658,880,368,512,880,0,235,49,0,1,493,1020,656,257,399,656,0,291,0,10,3,59,1140,607,123,485,430,178,306,53,70,2,101,818,73,18,56,73,0,219,17,374,0,136,391,0,0,0,0,0,280,0,24,0,87,683,231,0,231,231,0,320,0,33,0,99,695,246,0,246,246,0,363,0,33,0,53,645,253,0,253,253,0,294,0,34,0,63
"제조업",종이제품,소계,소계,7135,3126,958,2168,2855,271,2360,541,436,15,657,7567,4481,816,3665,3524,957,949,833,974,8,322,3562,1446,345,1101,1251,195,726,54,641,9,685,6171,3594,746,2848,2765,828,1531,82,129,239,595,6084,2298,94,2204,2196,102,2868,46,224,13,636,8962,5188,260,4928,4955,233,1840,5,989,64,876,4121,1555,260,1295,1555,0,1811,16,492,7,240,4658,1857,248,1609,1857,0,2148,25,435,8,186,4352,1922,255,1666,1922,0,1965,20,246,4,195
"제조업",인쇄 및 기록매체,소계,소계,3470,2288,5,2283,2053,235,127,13,0,7,1035,1485,927,0,927,539,388,82,48,0,0,429,2037,1242,322,920,1243,0,101,0,54,3,636,2384,847,7,840,768,80,231,1,0,0,1305,1132,912,15,897,912,0,24,82,7,4,103,1677,1439,185,1254,1439,0,103,110,0,0,25,449,322,97,225,264,58,96,0,0,0,31,457,361,0,361,317,44,89,0,0,0,7,345,234,0,234,234,0,101,0,0,0,11
"제조업",석유정제,소계,소계,34464,20729,2388,18341,12827,7903,11936,4,279,1328,188,18610,10248,1183,9065,6205,4043,7307,0,300,463,292,19514,11619,60,11559,4816,6803,5816,2,513,515,1049,39332,27849,725,27124,12292,15557,7150,257,830,625,2620,38424,26096,1062,25033,11042,15053,9200,350,681,272,1825,32775,19057,4097,14960,7584,11473,9625,215,901,828,2149,34789,19598,12089,7509,8122,11476,10067,348,971,946,2859,30500,14222,7718,6503,6403,7819,10472,660,1363,1108,2675,37965,20736,7069,13667,9035,11702,11668,606,1453,1052,2450
"제조업",화학제품,소계,소계,67753,44110,8915,35195,20668,23441,16046,657,1681,2146,3114,75232,43321,13688,29633,22573,20748,16519,644,2780,4041,7926,67749,36236,14005,22231,21089,15147,13983,1113,1985,5140,9293,90537,56029,5950,50079,42640,13389,16369,796,3484,7004,6855,72860,44711,10599,34112,30892,13819,14690,811,2731,4070,5848,61626,36594,9989,26605,23508,13086,15171,691,1954,3687,3529,52037,30929,5545,25384,21007,9922,13091,417,1627,3267,2706,41161,23656,3373,20283,17456,6200,10155,498,2960,1779,2113,34097,19469,2301,17168,14488,4982,8479,423,2534,1344,1848
"제조업",화학제품,기초화학물질,소계,37312,25712,4374,21338,10269,15443,8532,162,1207,640,1057,30393,20631,7246,13385,11314,9317,7480,145,639,284,1214,19379,9290,2020,7270,5445,3846,4706,142,336,261,4643,29498,22157,2419,19739,18191,3966,5161,301,637,265,977,21247,13307,4631,8676,8806,4501,4846,332,558,509,1696,21654,13565,5907,7658,7170,6394,5449,83,769,370,1419,12203,7434,1058,6376,4323,3111,3564,64,435,368,338,10523,5501,949,4551,3773,1727,2979,88,940,596,419,7375,4231,654,3576,2919,1312,1867,53,569,380,275
"제조업",화학제품,비료 및 질소화합물,소계,813,81,2,79,74,7,728,0,0,4,0,1067,472,117,355,472,0,489,0,0,106,0,1312,370,297,73,370,0,920,3,0,19,1,1621,262,123,139,216,46,801,9,187,70,293,3763,1617,143,1474,673,944,1862,29,65,43,146,4072,1190,103,1086,456,733,1995,69,150,262,407,6585,2262,317,1945,1220,1041,2997,100,361,140,726,8197,2669,638,2031,1927,743,2949,121,1505,161,791,6708,1749,246,1503,1005,744,2429,107,1518,106,799
"제조업",화학제품,합성고무 및 플라스틱,소계,12227,8122,1520,6602,4114,4007,2830,150,355,531,241,24043,10961,1879,9082,4341,6620,6254,214,1588,2103,2922,30162,17768,8896,8872,10166,7602,5543,773,1322,2320,2436,32701,16236,1266,14971,10497,5739,6484,191,1956,4393,3439,27205,16400,4164,12236,10576,5823,5624,36,1575,1674,1896,20322,12434,3343,9090,8418,4016,5183,226,786,876,817,19454,12049,3328,8721,8550,3500,4292,36,651,1232,1193,9104,5349,1389,3961,3851,1498,2455,34,289,495,481,5940,3245,841,2404,2333,911,1874,30,194,302,295
"제조업",화학제품,기타 화학제품,소계,17401,10195,3019,7176,6211,3983,3956,346,119,971,1816,19729,11258,4447,6811,6446,4812,2296,284,554,1547,3790,16896,8807,2792,6015,5109,3699,2813,196,327,2539,2213,26717,17374,2143,15231,13736,3638,3923,295,704,2275,2146,20645,13387,1660,11727,10837,2550,2358,414,533,1843,2110,15578,9406,636,8770,7463,1943,2544,312,250,2180,886,13795,9183,841,8342,6913,2270,2238,217,179,1527,450,13336,10137,397,9740,7905,2232,1771,255,225,526,422,14075,10245,560,9685,8230,2015,2309,233,253,557,478
"제조업",의약품,소계,소계,15918,11462,3302,8160,5575,5888,1337,375,11,633,2100,16463,13317,4065,9252,6357,6960,1201,246,88,784,827,18832,14661,805,13856,7094,7567,1435,438,48,1493,757,16772,12287,1039,11248,4384,7903,1462,327,21,1676,1000,17455,12907,2747,10160,4462,8445,1040,277,12,1340,1879,8957,5977,975,5002,4536,1442,1607,204,41,648,480,9867,5662,924,4738,3256,2406,2053,209,50,742,1151,10217,6076,732,5343,3009,3067,2599,132,45,849,516,9814,5702,753,4950,2948,2754,2588,129,58,789,548
"제조업",고무 및 플라스틱,소계,소계,19526,6807,1331,5476,4421,2386,4990,735,614,744,5636,24651,14004,5026,8978,9860,4145,3394,270,484,2623,3875,29076,19311,2766,16545,16204,3107,5298,499,140,1604,2224,17847,7776,3542,4235,5575,2202,4448,512,179,3134,1798,17088,8790,3718,5072,6762,2028,4949,319,178,1199,1653,13515,6683,1293,5390,4584,2099,3012,453,74,511,2782,13946,8066,1486,6580,5943,2124,2765,622,159,750,1584,11834,6544,1650,4894,4864,1680,2449,562,61,565,1654,10412,5209,1115,4094,3844,1364,2883,372,49,569,1331
"제조업",고무 및 플라스틱,고무,소계,4408,727,286,441,510,216,1083,606,22,330,1641,8453,3345,1443,1902,1884,1461,1597,211,72,1544,1684,6551,2401,1108,1293,1414,988,2592,268,52,897,342,5535,1427,906,521,889,538,1746,83,39,1922,318,3764,1135,766,368,465,669,1866,48,17,320,379,4743,1446,384,1062,992,454,1583,302,24,489,898,3554,982,627,356,627,355,1390,238,24,681,238,2827,1126,449,677,679,448,755,177,26,496,247,2893,1127,462,666,697,430,788,178,24,516,259
"제조업",고무 및 플라스틱,플라스틱,소계,15118,6080,1045,5035,3911,2169,3907,130,592,414,3995,16198,10659,3583,7076,7976,2684,1797,59,412,1079,2191,22525,16909,1658,15251,14790,2120,2706,231,88,708,1883,12312,6349,2635,3714,4686,1664,2703,429,140,1211,1480,13323,7655,2952,4704,6297,1358,3084,271,161,879,1274,8772,5237,909,4327,3592,1645,1429,151,51,22,1883,10391,7084,859,6225,5316,1768,1375,384,134,69,1346,9008,5417,1200,4217,4185,1232,1694,385,35,68,1408,7519,4082,653,3429,3147,934,2094,194,24,53,1072
"제조업",비금속광물,소계,소계,14854,4630,886,3744,3971,659,7183,615,486,393,1546,16953,4713,561,4152,4379,334,8670,1078,352,204,1935,14742,3249,654,2595,2680,569,7574,428,442,99,2949,15199,3601,796,2806,3319,283,7243,501,745,150,2959,14061,4069,1481,2588,3279,790,4800,442,1057,261,3432,10853,2515,617,1899,2077,438,4788,333,603,194,2421,7108,1449,319,1129,1307,142,4489,258,566,65,281,7620,1418,682,736,1376,43,4889,346,665,71,230,8130,2025,457,1568,1913,112,4833,275,704,62,232
"제조업",비금속광물,유리 및 유리제품,소계,6386,890,23,867,857,34,4714,73,2,354,352,5345,1030,55,975,1011,18,4012,57,1,139,107,4719,1180,231,949,1151,29,3343,94,15,56,30,3597,523,120,403,512,11,2630,221,56,101,67,4843,1318,557,761,977,341,2859,244,11,2,410,3506,275,49,226,275,0,2880,261,0,16,74,3294,34,0,34,34,0,3053,201,0,0,6,3647,63,0,63,63,0,3293,286,0,2,4,3524,49,27,22,44,5,3257,200,0,2,16
"제조업",비금속광물,도자기 및 기타 요업제품,소계,2608,1708,659,1049,1361,347,210,427,61,20,182,2250,1300,109,1191,1267,33,365,7,31,46,503,1232,197,1,196,163,33,152,204,54,14,612,1019,418,403,14,405,12,447,101,2,12,40,1477,919,628,291,759,160,166,71,111,7,202,1359,1041,545,496,909,132,249,42,0,24,3,796,544,300,244,449,94,194,16,0,37,5,1141,676,631,45,670,6,418,12,0,20,15,882,512,330,183,455,57,323,26,0,10,11
"제조업",비금속광물,시멘트 석회 및 기타,소계,5860,2031,204,1827,1753,278,2259,116,423,18,1011,9359,2384,398,1986,2101,283,4293,1015,320,20,1326,8791,1872,422,1450,1365,508,4080,130,373,28,2307,10582,2661,273,2388,2402,259,4166,179,687,37,2852,7741,1832,296,1536,1544,289,1775,127,936,252,2820,5989,1199,22,1177,893,306,1659,30,603,154,2344,3018,871,19,852,823,47,1242,41,566,28,271,2831,679,51,628,642,37,1179,48,665,50,212,3724,1464,100,1363,1414,50,1254,48,704,50,205
"제조업",1차금속,소계,소계,56373,33997,8441,25556,23369,10629,16864,962,1211,1684,1654,45379,28228,14113,14115,21454,6774,13442,202,358,1186,1962,27193,13137,3604,9533,8010,5127,12192,276,358,243,988,29322,8679,2273,6406,5538,3141,17722,268,670,357,1626,29328,8437,2431,6006,5710,2727,17510,819,709,460,1393,27128,9117,2423,6694,7275,1842,15735,405,759,166,945,23901,4840,896,3944,3851,989,14712,519,909,561,2360,24513,5602,2134,3468,4355,1246,14425,930,1010,678,1868,31762,5235,1831,3404,4224,1011,21290,1184,989,710,2354
"제조업",1차금속,1차 철강,소계,43558,23912,7576,16336,18601,5311,15600,958,891,1631,566,31636,18601,12054,6547,17666,935,10670,139,211,1126,889,18042,6465,2781,3684,5598,866,10633,106,70,148,621,22775,5382,1996,3386,4560,823,15697,222,263,284,927,23141,5509,1717,3792,4091,1419,15337,507,480,453,855,23201,7001,2060,4941,5904,1097,14580,218,591,154,657,18719,2635,742,1893,2141,494,13841,301,582,551,809,19132,3053,2011,1042,2482,572,13453,648,726,666,587,26789,3144,1595,1550,2627,517,20294,898,723,698,1032
"제조업",1차금속,1차 비철금속,소계,11121,8499,865,7634,3846,4653,1182,4,321,42,1073,10944,7383,2053,5330,3078,4306,2571,63,147,61,719,6317,3984,809,3175,1659,2325,1495,166,288,74,310,6061,3090,277,2813,819,2271,1973,35,398,68,496,5694,2652,559,2093,1436,1216,2138,262,164,8,472,3559,1915,363,1552,1180,735,1102,174,159,13,196,4546,1699,154,1545,1237,462,831,218,326,10,1461,4636,1901,122,1778,1448,452,948,274,284,12,1217,4706,1920,236,1684,1454,466,970,281,266,12,1257
"제조업",1차금속,금속 주조업,소계,1694,1586,0,1586,922,664,82,0,0,11,15,2799,2243,6,2237,710,1534,201,0,0,0,355,2834,2689,14,2675,753,1936,65,3,0,21,56,486,207,0,207,159,48,52,11,9,4,203,492,275,154,121,183,92,36,50,65,0,66,368,201,0,201,192,9,53,13,10,0,92,636,506,0,506,473,33,40,0,0,0,91,745,648,0,648,425,222,25,9,0,0,64,267,171,0,171,143,28,25,6,0,0,65
"제조업",금속가공,소계,소계,19083,13067,2653,10414,10446,2622,2026,696,233,420,2640,18013,13821,1043,12778,8730,5091,1505,418,344,302,1622,15603,11575,1080,10495,7848,3728,2052,133,17,476,1350,20597,15465,1357,14108,13045,2420,3648,319,27,427,711,12709,9079,1627,7452,6938,2141,1491,1049,84,530,476,7423,5106,619,4487,3532,1574,929,608,15,210,556,8516,5574,505,5069,4302,1272,1166,634,62,274,806,7305,4756,671,4086,3660,1097,1118,669,95,299,366,7088,4008,518,3490,2524,1484,1145,473,71,261,1131
"제조업",전자부품컴퓨터영상음향통신,소계,소계,382070,296968,86798,210170,57471,239497,36702,1258,623,25604,20915,410647,315780,92868,222912,68461,247319,37783,1673,1462,26863,27088,462356,381723,126370,255353,61279,320444,26879,1247,400,33233,18875,616850,507158,175726,331432,249551,257607,54053,1461,558,37296,16325,541107,460841,229898,230943,114307,346534,32842,1680,653,35855,9236,519949,447657,196344,251313,119954,327704,27815,1177,1010,31007,11283,558336,470230,206585,263646,112229,358001,39650,1761,1262,34964,10468,670000,570883,259052,311831,134618,436265,44936,1734,1172,41508,9767,718173,616595,266093,350503,152197,464398,45618,2219,1146,43067,9528
"제조업",전자부품컴퓨터영상음향통신,반도체,소계,217726,173448,59246,114202,28881,144567,17001,18,0,16273,10987,240142,186315,68050,118265,28166,158149,24076,1302,1133,16302,11014,227290,196316,92183,104133,6112,190204,8968,238,91,20798,880,376821,317494,140637,176857,189920,127574,33949,126,58,24118,1077,418899,363457,215108,148349,81743,281714,22451,58,15,30225,2694,362806,315378,177192,138186,70280,245097,20429,45,49,26387,519,437195,376671,186435,190237,80050,296621,30130,109,85,29711,490,553982,478309,241967,236342,102291,376018,37230,152,35,36985,1270,570576,493278,249103,244175,105705,387574,37786,105,43,38346,1017
"제조업",전자부품컴퓨터영상음향통신,전자부품,소계,55047,43310,10091,33219,7447,35863,5232,772,498,2362,2873,43403,38328,2895,35433,18490,19838,2320,236,279,426,1815,60492,56524,1623,54901,26587,29937,1896,949,209,742,172,55171,49512,5748,43764,21326,28186,3134,1233,197,680,415,58286,50257,3394,46863,21828,28430,4318,1431,279,1021,980,97697,93631,8825,84806,37440,56191,1329,874,176,508,1178,48022,44305,7109,37196,18578,25727,1724,1148,250,381,215,54004,50699,6223,44476,20662,30037,1640,1069,226,228,142,85526,81485,6235,75250,34810,46675,1699,1693,220,278,151
"제조업",전자부품컴퓨터영상음향통신,컴퓨터 및 주변장치,소계,1034,845,3,842,229,616,26,3,5,88,68,776,465,265,200,95,370,188,24,1,86,12,648,414,101,313,28,386,24,19,0,101,89,303,182,145,37,110,73,7,0,3,39,72,426,227,227,0,216,11,30,20,50,1,98,449,331,331,0,320,11,8,24,0,67,19,568,490,490,0,455,35,10,42,0,26,0,500,404,404,0,381,23,0,42,0,54,0,575,512,512,0,488,24,0,0,0,63,0
"제조업",전자부품컴퓨터영상음향통신,통신 및 방송장비,소계,49152,35938,7599,28339,10762,25176,6413,173,60,3116,3452,76043,53191,13061,40130,13520,39671,6291,81,13,6678,9789,93291,67796,18213,49583,14987,52810,7885,31,69,6032,11479,38019,27851,4773,23078,7050,20802,3257,42,171,2525,4172,31628,23326,5236,18090,5068,18258,2805,127,153,2505,2712,31167,19279,4028,15251,6166,13112,2490,185,238,2462,6513,27323,16506,3437,13069,4388,12118,2375,457,329,2150,5506,28327,18216,3709,14507,4801,13415,2404,471,267,2296,4673,28601,18154,3584,14571,4801,13354,2522,421,275,2437,4792
"제조업",전자부품컴퓨터영상음향통신,영상 및 음향기기,소계,59111,43427,9859,33568,10153,33275,8030,292,60,3765,3535,50282,37481,8598,28883,8189,29292,4907,30,35,3371,4458,80635,60673,14251,46422,13565,47108,8106,11,31,5559,6255,146537,112119,24423,87696,31147,80972,13706,60,129,9935,10588,31867,23574,5932,17642,5453,18121,3239,44,156,2103,2751,27829,19039,5968,13070,5747,13292,3558,49,547,1583,3054,45227,32258,9114,23144,8759,23499,5411,6,598,2696,4257,33187,23255,6749,16507,6482,16773,3662,0,644,1945,3681,32894,23166,6659,16507,6394,16772,3611,0,608,1943,3567
"제조업",의료정밀광학,소계,소계,6631,4506,540,3966,3050,1456,738,5,0,684,698,7093,5192,2429,2763,2532,2660,631,137,0,235,898,4594,3175,596,2579,1289,1887,402,527,2,113,375,7785,4791,1547,3243,3638,1152,1317,170,0,240,1268,5984,3150,1188,1961,2233,917,1161,243,0,306,1124,5793,3728,976,2752,2414,1314,375,119,5,48,1518,4052,1712,923,789,1282,430,431,169,0,141,1599,4180,2464,1033,1431,1658,806,338,11,0,118,1249,4032,2791,1409,1381,2046,745,252,11,0,100,878
"제조업",전기장비,소계,소계,24810,12648,4065,8583,9182,3465,4065,512,28,904,6654,23412,10254,3605,6649,5902,4352,1366,322,249,1225,9996,19333,11344,3099,8245,4190,7154,1343,461,304,1237,4644,19478,9467,3004,6463,4867,4599,2124,463,381,1250,5795,20288,10144,2858,7286,4488,5656,2087,604,476,1830,5147,33538,17932,9418,8514,6728,11204,2519,1631,1564,4256,5637,30138,15174,8127,7047,4589,10585,1624,1631,1457,4249,6002,34527,17788,9383,8406,5465,12323,1690,1420,1637,4944,7047,35292,18430,9675,8756,5779,12651,1729,1293,1676,5040,7124
"제조업",전기장비,전동기발전기 및 전기변환등,소계,11341,4456,1704,2752,3985,471,368,173,2,491,5851,11364,3579,842,2737,2976,602,412,142,58,247,6926,3832,1915,664,1251,1232,683,520,161,33,117,1087,5250,3623,712,2911,1932,1691,541,173,107,206,599,5139,2810,924,1886,1802,1008,611,310,133,730,544,3707,1833,1274,559,1587,246,685,719,4,159,307,2642,1416,304,1112,1170,247,152,847,0,119,108,3294,1956,375,1581,1484,472,209,664,0,225,241,3125,2162,382,1781,1702,461,167,490,0,219,86
"제조업",전기장비,절연선 및 케이블,소계,2042,1449,213,1236,1339,110,420,36,6,16,115,1971,1060,413,647,882,178,384,31,10,161,326,1024,588,134,454,352,236,160,4,1,26,245,1509,702,165,538,337,366,129,7,0,51,620,3376,2009,85,1924,920,1089,881,21,0,96,369,3532,2505,118,2388,1857,649,355,159,123,78,312,1226,541,4,537,228,313,548,1,0,13,123,1429,761,4,757,462,299,412,1,0,12,244,1466,726,4,722,418,308,462,1,0,12,264
"제조업",전기장비,가정용기기,소계,5377,3213,706,2507,1855,1357,1708,16,13,113,316,3947,1138,289,849,953,185,392,74,0,407,1937,7056,4299,183,4116,1092,3208,183,11,26,161,2375,6470,1740,237,1502,1429,310,205,41,6,130,4348,6485,2035,257,1778,866,1169,239,41,73,189,3908,9170,3071,48,3023,1057,2014,817,61,32,227,4962,9492,3108,172,2936,992,2116,234,43,32,366,5710,10578,3463,169,3293,1098,2365,232,24,35,389,6435,10977,3606,225,3381,1169,2437,258,43,37,399,6634
"제조업",전기장비,기타 전기장비,소계,6050,3531,1442,2089,2003,1528,1569,287,8,284,372,6130,4478,2062,2416,1091,3387,179,75,181,409,807,7421,4542,2118,2424,1515,3028,479,285,244,933,937,6249,3402,1890,1512,1169,2233,1249,242,267,862,228,5287,3289,1592,1697,900,2389,356,232,271,814,326,17129,10522,7977,2545,2227,8296,662,692,1405,3792,56,16778,10109,7648,2462,2200,7910,690,739,1425,3752,62,19225,11609,8835,2774,2422,9187,837,732,1601,4318,128,19725,11936,9064,2871,2491,9445,842,759,1639,4409,140
"제조업",기계장비,소계,소계,36279,22682,6725,15957,13951,8731,6055,623,341,2944,3634,32299,23237,3743,19494,11225,12012,2998,377,264,2602,2820,27200,18920,9108,9812,14077,4843,2935,403,334,2016,2591,22263,12210,4146,8064,9815,2395,4421,534,58,2789,2252,18353,9943,3701,6242,7758,2186,3218,375,114,2047,2657,18479,9529,3440,6089,8063,1467,2287,359,56,2718,3530,21964,14044,5070,8974,10378,3666,4087,296,48,2179,1310,19609,10871,3127,7744,8053,2818,3969,787,57,2600,1325,20949,12302,3568,8734,9089,3213,3938,987,66,2218,1439
"제조업",기계장비,일반 목적용 기계,소계,14173,8071,3429,4642,4649,3422,2104,580,284,1972,1161,14037,8896,2135,6761,5655,3241,1600,318,206,1981,1035,17288,11962,7574,4388,9602,2360,1875,257,258,1172,1764,12407,6261,2724,3537,5484,776,2638,112,16,2104,1277,8451,4107,1357,2750,3319,787,1272,108,28,1162,1775,8472,3824,1476,2348,3338,487,1342,202,21,1348,1734,11829,7234,2143,5090,6165,1069,2052,236,41,1575,691,10539,5370,859,4511,4142,1228,1581,700,37,2111,741,11562,6393,1327,5066,4948,1445,1837,942,46,1582,762
"제조업",기계장비,특수 목적용 기계,소계,22106,14611,3296,11315,9302,5309,3951,43,57,972,2472,18262,14340,1607,12733,5569,8771,1397,59,58,621,1785,9912,6958,1534,5424,4476,2482,1061,146,76,844,827,9856,5949,1422,4527,4330,1619,1783,422,42,685,975,9902,5836,2344,3493,4438,1398,1946,267,86,885,881,10007,5705,1964,3741,4725,980,945,157,35,1369,1796,10136,6810,2927,3884,4213,2597,2035,60,7,604,619,9070,5501,2268,3233,3910,1591,2389,88,20,489,584,9387,5909,2241,3667,4141,1768,2100,45,20,636,676
"제조업",자동차,소계,소계,100320,63861,35664,28197,45831,18029,10810,3798,447,8661,12743,100853,58450,36918,21532,37711,20738,11465,3849,1251,12300,13539,106620,66624,41740,24884,47067,19557,12854,5377,1177,10090,10497,98168,56800,33754,23046,40562,16239,16018,5774,964,7607,11005,93057,57414,39935,17479,37051,20363,15275,5636,963,4743,9026,87268,50455,38018,12437,31633,18822,9035,6758,983,5190,14847,72769,46333,32058,14275,28173,18160,7077,4136,760,4225,10238,72885,39915,29846,10069,23332,16583,7805,4797,818,5147,14402,77457,41884,31143,10742,24863,17021,7908,4383,847,5652,16782
"제조업",자동차,자동차용 엔진 및 자동차,소계,29969,12080,10417,1663,9729,2351,6069,2013,393,5041,4373,31632,11472,9973,1499,5310,6162,5585,2396,1067,4338,6774,39231,17758,15282,2476,13103,4655,6927,3832,1000,5458,4255,44429,22804,16566,6237,18850,3953,6204,3640,825,4563,6393,41689,24473,21589,2884,14500,9973,5437,3436,779,3545,4019,40500,19431,18180,1251,10583,8848,5510,3637,806,3453,7663,31192,15992,13999,1993,7119,8873,4514,2794,615,2720,4557,35044,16552,15157,1395,7080,9472,5097,3187,700,3686,5822,35572,16890,15412,1478,7216,9674,5146,3211,707,3728,5890
"제조업",자동차,자동차 차체 및 트레일러 부품,소계,70351,51781,25247,26534,36103,15678,4741,1785,53,3620,8370,69221,46977,26945,20032,32401,14576,5880,1453,184,7962,6765,67389,48866,26458,22408,33964,14902,5928,1545,177,4632,6242,53740,33997,17188,16809,21711,12285,9814,2134,139,3044,4612,51368,32942,18347,14595,22551,10390,9838,2200,184,1198,5007,46768,31024,19839,11186,21051,9974,3525,3121,177,1737,7184,41577,30341,18059,12283,21055,9287,2563,1342,144,1504,5682,37840,23363,14689,8674,16252,7111,2708,1609,119,1461,8580,41885,24994,15731,9263,17647,7347,2762,1172,141,1925,10892
"제조업",기타운송장비,소계,소계,21749,11390,3687,7703,2904,8486,4300,798,220,1462,3579,15909,10016,4277,5739,2773,7242,3113,72,200,460,2049,15532,9447,6061,3386,4391,5056,2927,434,403,952,1368,8875,3973,1152,2821,2048,1925,2503,486,173,897,842,10952,5150,1701,3448,3218,1932,2956,182,176,955,1532,11830,4806,839,3967,2940,1866,4666,38,418,1077,825,17008,5476,1282,4194,4027,1449,5597,136,527,1270,4002,17211,3299,1023,2276,1986,1313,7469,150,782,1756,3754,18347,3614,1022,2592,2151,1463,7788,146,631,2147,4020
"제조업",기타운송장비,선박 및 보트건조,소계,18689,10290,3279,7011,2567,7723,4039,597,207,1410,2147,13738,8710,3359,5351,2004,6706,2841,67,172,347,1601,12555,7688,5722,1966,3428,4260,2634,326,387,254,1266,4719,1984,856,1127,841,1143,1382,444,153,155,601,7764,3926,1511,2415,2681,1245,2538,127,174,12,987,8039,2048,25,2024,716,1332,4467,29,415,345,735,12196,1874,280,1594,743,1131,5319,91,525,531,3855,12816,1617,269,1348,608,1010,6141,131,780,662,3485,14193,2115,277,1838,937,1179,6493,126,629,1093,3736
"제조업",기타운송장비,철도항공기 및 기타운송장비,소계,3060,1099,407,692,337,762,261,202,13,53,1432,2170,1305,918,387,769,536,271,5,28,113,448,2977,1759,339,1420,963,796,293,109,17,698,103,4156,1989,296,1693,1207,782,1121,42,21,742,241,3187,1223,190,1033,537,687,419,55,3,943,545,3790,2757,814,1943,2223,534,199,9,3,733,89,4813,3602,1002,2600,3284,318,278,45,2,739,147,4394,1682,754,928,1378,304,1329,19,2,1094,269,4155,1499,745,754,1214,285,1295,20,2,1054,285
"제조업",가구,소계,소계,1250,808,281,527,688,120,114,56,8,99,166,1897,1284,303,981,1138,145,114,39,8,99,354,2542,1617,173,1444,1508,109,96,10,0,774,44,2362,672,143,529,581,91,905,36,0,682,68,1223,751,167,584,626,126,16,9,0,375,72,713,513,146,367,488,25,80,4,2,12,103,1299,923,155,768,898,25,194,23,4,2,153,1362,1020,225,795,994,26,88,141,0,2,110,1229,901,159,742,878,23,75,154,0,2,97
"제조업",기타제품,소계,소계,1096,675,88,587,624,51,188,18,1,0,213,720,340,66,274,301,40,13,0,1,7,359,1586,992,37,955,477,515,132,2,0,1,459,1771,789,471,317,632,156,67,4,0,206,705,1626,744,430,314,414,330,128,153,13,282,306,1922,690,265,425,561,128,83,219,6,59,867,631,364,111,253,289,75,29,173,0,13,52,613,254,82,172,187,66,46,230,0,12,72,708,249,70,180,199,50,61,308,0,18,71
"비제조업",소계,소계,소계,940953,725214,288913,436301,681895,43320,114019,6895,1108,11633,82084,951087,710650,199557,511093,647764,62886,123980,10084,8186,8993,89194,930913,733821,223067,510754,684161,49660,109568,6129,3848,10862,66685,837951,630586,176163,454422,589306,41280,124944,8417,9169,15166,49668,735761,541836,165745,376091,505642,36194,112062,7739,12078,17744,44303,767335,563773,196752,367020,532141,31632,118554,7160,9425,21138,47285,763156,557232,245293,311939,508709,48523,114893,2625,5096,19170,64140,801995,591045,253221,337824,540398,50646,120479,3038,5087,19980,62366,805660,610312,265997,344315,554316,55996,119248,3393,5570,17073,50063
"비제조업",광업,소계,소계,1856,682,121,561,626,56,162,48,9,0,955,1662,864,131,733,864,0,215,82,12,0,491,1506,220,0,220,220,0,445,41,17,3,781,963,205,0,205,205,0,299,21,9,0,429,1111,205,13,192,148,57,391,42,10,4,460,783,202,0,202,202,0,369,45,4,0,162,364,60,0,60,60,0,285,8,4,0,7,335,62,0,62,62,0,248,17,3,0,6,369,57,0,57,57,0,281,21,4,0,7
"비제조업",전기가스증기및 수도사업,소계,소계,241071,201384,13072,188312,201384,0,31704,2770,272,334,4606,234803,155761,11597,144164,155762,0,61924,3118,2204,353,11442,195418,122694,2208,120486,119091,3603,55510,3655,2720,840,9999,196662,115642,17624,98018,115642,0,63446,2788,6364,1700,6723,174413,97416,17816,79600,97271,145,56485,4185,9944,1031,5353,195414,118431,22408,96022,118431,0,57555,3301,7208,966,7953,163141,101903,19651,82253,101903,0,45438,1436,3049,1041,10273,168375,103412,19585,83827,103412,0,49978,1468,2493,1005,10019,171803,104586,20844,83741,104447,139,51628,1555,2700,1068,10265
"비제조업",건설업,소계,소계,134168,117379,108256,9123,116237,1142,12712,766,72,784,2455,167816,149407,42407,107000,148201,1206,15976,25,69,343,1995,149449,131737,34372,97365,130093,1644,14133,0,8,166,3404,121938,108481,38382,70099,107891,589,9738,35,12,140,3532,112408,96258,39617,56642,95737,521,12038,1,47,62,4002,113304,86614,37383,49230,84865,1748,20544,66,184,196,5701,104139,57835,8070,49764,56711,1123,36508,179,418,548,8651,117662,72753,8763,63990,70650,2104,33828,411,1250,1039,8380,112894,68964,8981,59983,66715,2249,31289,466,1419,1223,9533
"비제조업",서비스업,소계,소계,563858,405769,167464,238305,363647,42122,69440,3311,755,10515,74068,546806,404617,145421,259196,342937,61680,45866,6859,5902,8296,75266,584540,479170,186487,292683,434757,44413,39480,2433,1103,9852,52501,518389,406258,120158,286100,365568,40690,51462,5573,2784,13327,38984,447829,347957,108299,239658,312486,35470,43149,3512,2077,16647,34488,457833,358526,136961,221566,328643,29883,40086,3748,2028,19976,33469,495513,397434,217572,179863,350035,47399,32662,1002,1625,17581,45209,515623,414818,224873,189945,366275,48543,36425,1142,1341,17936,43960,520593,436705,236171,200535,383098,53608,36050,1352,1447,14782,30257
"비제조업",서비스업,하수폐기물처리 원료재생 및 환경복원업 ,소계,4610,1908,338,1570,1867,41,1405,6,410,0,881,11171,1970,30,1940,1900,70,2862,2,5079,2,1256,5891,4366,0,4366,4177,188,747,131,426,3,219,5700,2480,17,2463,2480,0,2036,3,1154,7,19,3114,1081,0,1081,1034,47,919,46,182,31,855,4350,2659,30,2629,2593,66,1491,6,3,14,177,2175,1241,0,1241,1241,0,859,0,8,13,54,2417,1473,3,1469,1473,0,749,0,7,0,188,2403,1561,3,1558,1561,0,613,0,7,0,222
"비제조업",서비스업,도매 및 소매업,소계,100483,50110,3836,46274,49955,155,9713,77,178,646,39758,71455,32581,293,32288,31659,922,7538,1694,561,943,28139,71654,51086,294,50792,50963,123,5263,106,168,841,14189,75704,50969,2837,48132,50747,222,8001,206,573,1127,14828,77027,54912,2758,52154,50021,4890,7610,548,246,597,13113,64954,46876,1462,45414,44597,2279,6987,2402,852,558,7279,60720,28120,293,27827,26629,1491,10185,312,204,178,21721,60223,30262,245,30017,28644,1618,12833,258,42,63,16766,51994,33014,625,32389,31519,1496,8566,175,14,69,10156
"비제조업",서비스업,도매 및 소매업,자동차 및 부품 판매업,3422,1558,0,1558,1558,0,865,0,0,60,939,3559,1818,15,1803,1818,0,103,0,0,0,1638,3875,3478,58,3420,3420,58,89,0,0,0,309,2397,1650,0,1650,1650,0,174,0,3,0,571,2967,1788,521,1267,1559,230,738,137,44,7,252,1741,514,29,486,485,29,374,34,11,2,806,991,309,0,309,309,0,168,0,0,0,513,961,310,0,310,309,0,188,0,0,0,463,719,339,0,339,338,0,47,0,0,0,334
"비제조업",서비스업,도매 및 소매업,도매 및 상품중개업,40557,13385,3784,9601,13308,78,2259,77,25,363,24447,10988,5645,199,5446,4987,658,772,153,289,157,3972,15619,7521,217,7304,7455,65,1378,103,5,81,6531,23551,14247,112,14135,14138,109,2425,167,426,283,6004,22550,13221,273,12948,12791,430,2652,390,72,73,6143,17746,9456,1050,8406,9205,251,1164,2305,540,343,3937,12830,5170,188,4982,4680,490,1022,270,18,55,6296,9090,4456,130,4325,4062,394,981,222,42,63,3326,8856,4371,509,3862,4146,225,1125,137,14,69,3141
"비제조업",서비스업,도매 및 소매업,소매업; 자동차 제외,56503,35167,52,35115,35090,78,6588,0,153,223,14372,56908,25118,79,25039,24854,264,6662,1541,272,786,22529,52160,40089,20,40069,40088,0,3796,3,163,761,7350,49756,35072,2725,32347,34959,113,5403,39,144,844,8254,51509,39903,1965,37938,35672,4231,4220,21,130,517,6718,45466,36906,384,36522,34907,1999,5448,62,302,213,2536,46899,22641,105,22536,21640,1001,8995,42,186,123,14912,50173,25496,115,25381,24272,1224,11663,37,0,0,12977,42418,28305,116,28188,27034,1270,7394,38,0,0,6682
"비제조업",서비스업,운수업,소계,99039,74763,664,74099,44369,30394,11267,2830,94,529,9556,143311,113716,401,113315,54078,59637,11328,4620,153,225,13270,135036,108982,452,108530,71466,37516,19000,1083,112,100,5759,129262,102491,957,101534,69703,32788,18191,3800,241,515,4025,110346,83676,1691,81985,56937,26739,20806,996,256,202,4409,112275,79146,504,78642,51759,27387,21769,849,1106,283,9122,96725,75280,233,75047,29724,45556,16599,325,1372,193,2956,111332,88342,205,88137,41684,46658,17954,459,1282,184,3110,130489,102209,366,101843,50346,51863,21451,740,1416,268,4405
"비제조업",서비스업,운수업,육상운송 및 파이프라인 운송업,22497,11540,6,11534,11540,0,6092,6,32,306,4519,27943,15374,255,15119,15333,41,6366,128,109,106,5860,23639,12324,181,12143,12217,107,7992,869,22,75,2357,28861,19087,760,18327,18742,346,7512,624,130,188,1320,24649,12717,766,11951,12717,0,9025,669,169,25,2045,29729,13580,493,13088,13330,250,9788,334,467,104,5456,19010,12959,233,12726,12776,183,4554,198,324,15,960,22393,16286,205,16081,16064,222,4275,436,226,20,1150,30567,21826,366,21461,21516,310,5446,706,236,87,2266
"비제조업",서비스업,운수업,수상 운송업,23660,23022,652,22370,6525,16496,152,33,62,7,385,30552,29775,101,29674,6763,23012,700,0,26,6,46,19104,18218,211,18007,7683,10535,429,17,0,0,439,17854,17617,151,17466,4479,13139,64,0,0,0,173,13810,12749,925,11824,3734,9015,591,17,22,0,432,15458,14135,0,14135,2548,11586,631,0,39,0,653,43913,41670,0,41670,10434,31235,1281,0,116,0,847,47250,45206,0,45206,10669,34537,1346,0,50,0,649,56312,53700,0,53700,12056,41644,1599,0,141,0,872
"비제조업",서비스업,운수업,항공 운송업,25142,21242,0,21242,7581,13661,3456,1,0,183,260,45136,41032,36,40996,4892,36140,2591,5,0,101,1408,41212,36395,60,36335,9879,26516,3033,0,0,24,1760,27743,21604,0,21604,2724,18880,4735,0,0,327,1077,24217,17266,0,17266,1540,15726,5541,0,0,140,1270,23818,17132,0,17132,1746,15386,6002,0,0,137,547,21105,15150,0,15150,1556,13594,5309,0,0,121,526,25742,14401,0,14401,3163,11237,10525,0,0,86,731,26289,13087,0,13087,3722,9365,12512,0,0,72,618
"비제조업",서비스업,운수업,창고 및 운송관련 서비스업,27741,18960,6,18954,18723,236,1567,2790,0,33,4392,39681,27535,8,27527,27090,445,1671,4488,19,12,5956,51081,42044,0,42044,41687,358,7546,198,91,0,1202,54804,44182,46,44136,43758,424,5879,3176,111,0,1455,47670,40944,0,40944,38946,1998,5650,311,65,36,663,43271,34299,11,34288,34134,165,5348,515,601,43,2466,12697,5501,0,5501,4957,544,5456,127,932,57,623,15946,12450,0,12450,11788,662,1808,24,1005,78,581,17320,13596,0,13596,13052,544,1894,33,1039,109,649
"비제조업",서비스업,숙박 및 음식점업,소계,19308,12880,2630,10250,12378,503,3118,27,35,23,3226,19298,12541,2042,10499,12027,514,2835,112,74,33,3702,18617,11756,2280,9476,11430,326,3098,177,29,229,3328,20541,13668,3288,10380,12811,857,5604,1,11,88,1169,16345,11341,1717,9624,10236,1105,3358,15,30,8,1593,11396,5225,842,4384,5216,9,3642,160,2,25,2342,5546,3343,603,2740,3334,9,959,42,0,14,1188,4419,2611,389,2222,2611,0,867,28,0,1,912,3899,2184,317,1867,2184,0,939,23,0,0,753
"비제조업",서비스업,숙박 및 음식점업,숙박업,10445,5340,134,5206,5340,0,2617,22,35,23,2409,10095,4819,1487,3332,4319,499,2096,104,12,33,3032,10437,5617,1970,3647,5592,26,1711,28,29,217,2835,14001,9014,2324,6691,9014,0,4488,0,11,88,400,8858,5489,599,4890,5489,0,2344,15,30,0,980,7198,3317,668,2649,3317,0,2989,10,0,0,882,3577,2721,474,2247,2721,0,647,6,0,0,203,2957,2051,260,1791,2051,0,727,15,0,0,165,2406,1669,211,1458,1669,0,576,12,0,0,148
"비제조업",서비스업,숙박 및 음식점업,음식점 및 주점업,8863,7540,2496,5044,7038,503,500,5,0,0,817,9203,7722,555,7167,7707,15,740,8,62,0,671,8180,6139,310,5829,5839,300,1387,149,0,12,493,6540,4654,964,3690,3797,857,1116,1,0,0,769,7487,5852,1118,4734,4747,1105,1013,0,0,8,613,4198,1908,173,1734,1899,9,653,150,2,25,1461,1969,622,129,493,613,9,312,36,0,14,985,1462,561,130,431,561,0,140,13,0,1,748,1493,515,106,409,515,0,362,11,0,0,605
"비제조업",서비스업,정보통신업,소계,102398,62324,1676,60648,60921,1404,29622,99,34,3807,6511,87690,62508,2014,60494,62395,113,9271,146,5,2058,13702,101491,71878,1644,70234,71625,253,5873,175,328,3073,20164,90544,73054,2322,70732,72890,164,6623,335,170,2691,7672,91944,74526,6746,67780,73473,1053,6868,318,1257,3862,5113,107826,96167,26897,69271,96076,91,2959,272,32,5666,2730,98743,83471,25782,57690,83378,94,1204,185,2,11570,2310,94030,77894,23241,54652,77851,43,1130,158,0,12454,2393,89334,74215,22957,51258,74175,40,1337,271,0,11038,2474
"비제조업",서비스업,정보통신업,출판업,4686,864,193,671,828,36,1951,10,23,208,1630,3325,993,52,941,975,19,471,5,0,156,1700,17552,1451,124,1327,1353,98,448,0,31,368,15253,6796,2758,119,2639,2754,4,630,38,0,2159,1210,11952,9319,127,9192,9308,11,832,0,45,65,1690,3802,544,43,501,544,0,1177,0,0,450,1631,2844,1413,301,1111,1413,0,453,8,0,186,785,2331,708,125,583,708,0,457,1,0,276,890,2175,363,121,242,363,0,454,1,0,427,930
"비제조업",서비스업,정보통신업,영상·오디오 기록물 제작 및 배급업,1226,780,33,747,744,36,290,0,0,67,88,2918,2236,1288,948,2236,0,443,0,0,60,178,2084,1222,318,904,1204,17,301,17,17,0,527,1779,1236,178,1059,1236,0,534,2,0,6,0,4133,3156,868,2288,3052,104,614,0,0,0,363,1161,1096,523,573,1096,0,32,0,0,21,13,872,872,412,460,872,0,0,0,0,0,0,772,772,465,307,772,0,0,0,0,0,0,731,731,440,291,731,0,0,0,0,0,0
"비제조업",서비스업,정보통신업,방송업,4211,2223,544,1679,2223,0,700,65,0,70,1153,5008,1931,400,1531,1931,0,870,133,0,72,2002,4312,2895,417,2478,2895,0,566,154,0,171,526,5868,3236,633,2603,3236,0,677,275,0,45,1636,5294,2861,396,2465,2746,115,547,307,0,27,1552,1873,1037,240,797,1037,0,309,272,0,56,199,1466,445,0,445,445,0,653,178,0,7,183,1446,617,0,617,617,0,576,157,0,21,75,2014,705,0,705,705,0,736,270,0,192,110
"비제조업",서비스업,정보통신업,통신업,78143,54014,836,53178,54014,0,18954,0,0,2696,2478,67847,53030,0,53030,53017,13,4691,0,0,1725,8401,65445,61371,77,61294,61361,9,1221,0,0,2453,400,63504,60641,996,59645,60641,0,870,0,0,376,1618,58767,53387,5304,48082,53295,91,1374,1,1,3725,279,97686,92125,26085,66040,92073,52,454,0,0,5071,37,80400,76545,21283,55262,76507,38,0,0,2,3842,11,75647,71790,19020,52770,71755,35,0,0,0,3840,17,71089,67443,17895,49547,67410,33,0,0,0,3613,34
"비제조업",서비스업,정보통신업,컴퓨터 프로그래밍 시스템 통합 및 관리업,11347,2605,62,2543,2181,424,7216,0,11,759,756,6267,2924,236,2688,2842,82,2459,8,5,23,848,8998,3053,697,2356,2924,128,2542,4,180,61,3159,9824,3520,396,3124,3360,160,3259,3,93,89,2860,8964,4020,50,3970,3289,731,2792,10,1210,45,887,2186,668,6,663,630,39,755,0,8,39,716,646,393,25,367,337,56,94,0,0,11,149,638,368,32,335,360,8,95,0,0,4,171,794,465,31,435,458,7,144,0,0,4,181
"비제조업",서비스업,정보통신업,정보서비스업,2785,1838,7,1831,930,908,510,25,0,7,405,2326,1394,39,1355,1394,0,337,0,0,23,573,3100,1888,11,1877,1887,0,795,0,100,19,298,2773,1662,0,1662,1662,0,653,17,77,16,347,2834,1782,0,1782,1782,0,709,0,0,0,343,1117,697,0,697,697,0,233,0,24,29,134,12514,3805,3760,45,3805,0,3,0,0,7524,1182,13195,3639,3599,40,3639,0,2,0,0,8313,1241,12532,4509,4471,38,4509,0,4,0,0,6801,1219
"비제조업",서비스업,부동산 및 임대업,소계,186106,183705,157872,25833,183704,0,493,3,0,0,1906,172713,170890,140422,30468,170889,0,293,2,0,0,1528,220133,216037,181006,35031,210188,5849,225,6,4,13,3846,152179,147713,110028,37685,141585,6128,621,78,0,7,3760,116878,111285,95271,16015,110123,1162,892,203,0,829,3669,128874,119722,107130,12592,119713,9,851,23,2,73,8205,213429,197974,190626,7348,197957,17,798,42,0,56,14558,226060,207138,200758,6380,207116,22,744,56,0,40,18083,229084,218592,211874,6718,218569,23,926,59,0,42,9466
"비제조업",서비스업,전문과학 및 기술서비스업,소계,34714,13678,447,13231,4053,9626,7818,6,4,5333,7876,22581,1921,220,1701,1525,396,8953,5,9,4880,6813,12716,3412,740,2672,3357,55,1784,5,32,4488,2994,28813,7395,322,7072,6866,528,5798,564,558,8308,6189,20920,7051,110,6941,6881,170,664,597,6,9998,2603,17623,3355,86,3270,3318,38,602,7,0,12924,735,11418,4421,16,4405,4187,233,1046,1,0,5201,749,10914,3695,9,3686,3493,202,1030,2,0,5088,1099,6882,1579,9,1570,1393,186,918,2,0,3276,1108
"비제조업",서비스업,보건업 및 사회복지서비스업,소계,17199,6400,0,6400,6400,0,6005,263,0,177,4355,18587,8492,0,8492,8465,27,2786,278,20,155,6856,19004,11653,71,11582,11550,103,3490,749,4,1105,2002,15646,8488,387,8101,8485,3,4589,585,78,585,1322,11256,4084,7,4077,3780,304,2031,788,99,1121,3133,10536,5376,11,5365,5371,5,1788,30,31,433,2879,6758,3585,20,3565,3585,0,1012,95,39,355,1672,6229,3403,21,3382,3403,0,1118,181,11,106,1409,6508,3351,20,3332,3351,0,1301,83,10,89,1674
